<?xml version="1.0" encoding="UTF-8"?>
<project-private xmlns="http://www.netbeans.org/ns/project-private/1">
    <editor-bookmarks xmlns="http://www.netbeans.org/ns/editor-bookmarks/2" lastBookmarkId="0"/>
    <open-files xmlns="http://www.netbeans.org/ns/projectui-open-files/2">
        <group>
            <file>file:/C:/Users/mgshe/Documents/NetBeansProjects/Mini%20PAT%20-%20Electronic%20Components/src/michaelShepstone/DBmanager.java</file>
            <file>file:/C:/Users/mgshe/Documents/NetBeansProjects/Mini%20PAT%20-%20Electronic%20Components/src/michaelShepstone/frmAddComponent.java</file>
            <file>file:/C:/Users/mgshe/Documents/NetBeansProjects/Mini%20PAT%20-%20Electronic%20Components/src/michaelShepstone/DataBaseGUI_MainFrm.java</file>
            <file>file:/C:/Users/mgshe/Documents/NetBeansProjects/Mini%20PAT%20-%20Electronic%20Components/src/michaelShepstone/DBTester.java</file>
            <file>file:/C:/Users/mgshe/Documents/NetBeansProjects/Mini%20PAT%20-%20Electronic%20Components/src/michaelShepstone/frmStorageManager.java</file>
            <file>file:/C:/Users/mgshe/Documents/NetBeansProjects/Mini%20PAT%20-%20Electronic%20Components/src/michaelShepstone/Component.java</file>
            <file>file:/C:/Users/mgshe/Documents/NetBeansProjects/Mini%20PAT%20-%20Electronic%20Components/src/michaelShepstone/frmEditComponent.java</file>
        </group>
    </open-files>
</project-private>
