<?xml version="1.0" encoding="UTF-8"?>
<project-private xmlns="http://www.netbeans.org/ns/project-private/1">
    <editor-bookmarks xmlns="http://www.netbeans.org/ns/editor-bookmarks/2" lastBookmarkId="0"/>
    <open-files xmlns="http://www.netbeans.org/ns/projectui-open-files/2">
        <group>
            <file>file:/C:/Users/mshep23/Documents/NetBeansProjects/Grade11%20term%202%20NETBEANS!/src/The_Pakage/ProductUI.java</file>
            <file>file:/C:/Users/mshep23/Documents/NetBeansProjects/Grade11%20term%202%20NETBEANS!/src/The_Pakage/Product.java</file>
        </group>
    </open-files>
</project-private>
