<?xml version="1.0" encoding="UTF-8"?>
<project-private xmlns="http://www.netbeans.org/ns/project-private/1">
    <editor-bookmarks xmlns="http://www.netbeans.org/ns/editor-bookmarks/2" lastBookmarkId="0"/>
    <open-files xmlns="http://www.netbeans.org/ns/projectui-open-files/2">
        <group>
            <file>file:/C:/Users/mshep23/Documents/NetBeansProjects/Exercise%206%20p83/src/exercise/pkg6/p83/Client.java</file>
            <file>file:/C:/Users/mshep23/Documents/NetBeansProjects/Exercise%206%20p83/src/exercise/pkg6/p83/Exercise6P83.java</file>
        </group>
    </open-files>
</project-private>
